{
	"info": {
		"_postman_id": "a6c05306-0924-462e-9b36-b9ed9b5e4970",
		"name": "api_flask",
		"schema": "https://schema.getpostman.com/json/collection/v2.1.0/collection.json",
		"_exporter_id": "3140692"
	},
	"item": [
		{
			"name": "authentication",
			"item": [
				{
					"name": "/api/v1/auth/login",
					"request": {
						"method": "POST",
						"header": [],
						"body": {
							"mode": "formdata",
							"formdata": [
								{
									"key": "username",
									"value": "jean_doe",
									"type": "text"
								},
								{
									"key": "password",
									"value": "ZJeanPassword!",
									"type": "text"
								}
							]
						},
						"url": {
							"raw": "{{flask_local}}/api/v1/auth/login",
							"host": [
								"{{flask_local}}"
							],
							"path": [
								"api",
								"v1",
								"auth",
								"login"
							]
						}
					},
					"response": []
				},
				{
					"name": "/api/v1/auth/register",
					"request": {
						"method": "POST",
						"header": [],
						"body": {
							"mode": "formdata",
							"formdata": [
								{
									"key": "username",
									"value": "jean_doe",
									"type": "text"
								},
								{
									"key": "password",
									"value": "ZJeanPassword!",
									"type": "text"
								}
							]
						},
						"url": {
							"raw": "{{flask_local}}/api/v1/auth/register",
							"host": [
								"{{flask_local}}"
							],
							"path": [
								"api",
								"v1",
								"auth",
								"register"
							]
						}
					},
					"response": []
				}
			]
		},
		{
			"name": "protected",
			"item": [
				{
					"name": "protected/data",
					"request": {
						"method": "GET",
						"header": [],
						"url": {
							"raw": "{{flask_local}}/api/v1/protected",
							"host": [
								"{{flask_local}}"
							],
							"path": [
								"api",
								"v1",
								"protected"
							]
						}
					},
					"response": []
				}
			]
		},
		{
			"name": "books",
			"item": [
				{
					"name": "/api/v1/books/read",
					"request": {
						"method": "GET",
						"header": [],
						"url": {
							"raw": "{{flask_local}}/api/v1/books/read",
							"host": [
								"{{flask_local}}"
							],
							"path": [
								"api",
								"v1",
								"books",
								"read"
							]
						}
					},
					"response": []
				},
				{
					"name": "/api/v1/books/create",
					"request": {
						"method": "POST",
						"header": [],
						"body": {
							"mode": "formdata",
							"formdata": [
								{
									"key": "title",
									"value": "test",
									"type": "text"
								},
								{
									"key": "description",
									"value": "delete books",
									"type": "text"
								}
							]
						},
						"url": {
							"raw": "{{flask_local}}/api/v1/books/create",
							"host": [
								"{{flask_local}}"
							],
							"path": [
								"api",
								"v1",
								"books",
								"create"
							]
						}
					},
					"response": []
				},
				{
					"name": "/api/v1/books/upload",
					"request": {
						"method": "POST",
						"header": [],
						"body": {
							"mode": "formdata",
							"formdata": [
								{
									"key": "title",
									"value": "test",
									"type": "text"
								},
								{
									"key": "description",
									"value": "delete books",
									"type": "text"
								},
								{
									"key": "file",
									"type": "file",
									"src": "/Users/pagedev/Downloads/money-flat.png"
								}
							]
						},
						"url": {
							"raw": "{{flask_local}}/api/v1/books/upload",
							"host": [
								"{{flask_local}}"
							],
							"path": [
								"api",
								"v1",
								"books",
								"upload"
							]
						}
					},
					"response": []
				},
				{
					"name": "/api/v1/books/update/:id",
					"request": {
						"method": "PUT",
						"header": [],
						"body": {
							"mode": "formdata",
							"formdata": [
								{
									"key": "title",
									"value": "update title books updated",
									"type": "text"
								},
								{
									"key": "description",
									"value": "update description updated",
									"type": "text"
								}
							]
						},
						"url": {
							"raw": "{{flask_local}}/api/v1/books/update/30",
							"host": [
								"{{flask_local}}"
							],
							"path": [
								"api",
								"v1",
								"books",
								"update",
								"30"
							]
						}
					},
					"response": []
				},
				{
					"name": "/api/v1/products/delete/:id",
					"request": {
						"method": "GET",
						"header": [],
						"url": {
							"raw": "{{flask_local}}/api/v1/books/delete/30",
							"host": [
								"{{flask_local}}"
							],
							"path": [
								"api",
								"v1",
								"books",
								"delete",
								"30"
							]
						}
					},
					"response": []
				}
			]
		}
	],
	"variable": [
		{
			"key": "flask_local",
			"value": "http://127.0.0.1:5000"
		}
	]
}